"var","source","n_total","n_observed","pct_observed","n_positive","n_zero","keep_obs","keep_pos","keep_zero","keep_all","status","drop_reason"
"ACARDSYS","ASDB",6166,3736,0.605903340901719,815,2921,TRUE,TRUE,TRUE,TRUE,"kept",""
"ACLABHOS","ASDB",6166,3736,0.605903340901719,1521,2215,TRUE,TRUE,TRUE,TRUE,"kept",""
"ACOPCT","ASDB",6166,858,0.139150178397665,55,87,FALSE,TRUE,TRUE,FALSE,"dropped","low_obs;"
"ACUSYS","ASDB",6166,3736,0.605903340901719,299,3437,TRUE,TRUE,TRUE,TRUE,"kept",""
"ADTCSYS","ASDB",6166,3736,0.605903340901719,985,2751,TRUE,TRUE,TRUE,TRUE,"kept",""
"ADTESYS","ASDB",6166,3736,0.605903340901719,873,2863,TRUE,TRUE,TRUE,TRUE,"kept",""
"ADTRTSYS","ASDB",6166,3736,0.605903340901719,829,2907,TRUE,TRUE,TRUE,TRUE,"kept",""
"AIDSSSYS","ASDB",6166,3736,0.605903340901719,810,2926,TRUE,TRUE,TRUE,TRUE,"kept",""
"AIRBSYS","ASDB",6166,3736,0.605903340901719,548,3188,TRUE,TRUE,TRUE,TRUE,"kept",""
"ALCHSYS","ASDB",6166,3736,0.605903340901719,638,3098,TRUE,TRUE,TRUE,TRUE,"kept",""
"ALCOPSYS","ASDB",6166,3736,0.605903340901719,803,2933,TRUE,TRUE,TRUE,TRUE,"kept",""
"ALCPDSYS","ASDB",6166,3736,0.605903340901719,317,3419,TRUE,TRUE,TRUE,TRUE,"kept",""
"ALCPRSYS","ASDB",6166,3736,0.605903340901719,438,3298,TRUE,TRUE,TRUE,TRUE,"kept",""
"ALZSYS","ASDB",6166,3736,0.605903340901719,558,3178,TRUE,TRUE,TRUE,TRUE,"kept",""
"AMBASYS","ASDB",6166,3736,0.605903340901719,525,3211,TRUE,TRUE,TRUE,TRUE,"kept",""
"AMBSSYS","ASDB",6166,3736,0.605903340901719,832,2904,TRUE,TRUE,TRUE,TRUE,"kept",""
"AMBSYS","ASDB",6166,3736,0.605903340901719,586,3150,TRUE,TRUE,TRUE,TRUE,"kept",""
"APED","ASDB",6166,2501,0.405611417450535,596,1905,TRUE,TRUE,TRUE,TRUE,"kept",""
"ARTHCSYS","ASDB",6166,3736,0.605903340901719,551,3185,TRUE,TRUE,TRUE,TRUE,"kept",""
"ASSTLSYS","ASDB",6166,3736,0.605903340901719,294,3442,TRUE,TRUE,TRUE,TRUE,"kept",""
"AUXSYS","ASDB",6166,3736,0.605903340901719,680,3056,TRUE,TRUE,TRUE,TRUE,"kept",""
"BDPEDCP","ASDB",6166,375,0.060817385663315,203,172,FALSE,TRUE,TRUE,FALSE,"dropped","low_obs;"
"BDPEDMA","ASDB",6166,375,0.060817385663315,83,292,FALSE,TRUE,TRUE,FALSE,"dropped","low_obs;"
"BDPEDMD","ASDB",6166,375,0.060817385663315,24,351,FALSE,TRUE,TRUE,FALSE,"dropped","low_obs;"
"BDPEDTM","ASDB",6166,375,0.060817385663315,224,151,FALSE,TRUE,TRUE,FALSE,"dropped","low_obs;"
"BEAMSYS","ASDB",6166,3736,0.605903340901719,764,2972,TRUE,TRUE,TRUE,TRUE,"kept",""
"BIOSYS","ASDB",6166,3736,0.605903340901719,205,3531,TRUE,TRUE,TRUE,TRUE,"kept",""
"BLDOSYS","ASDB",6166,3736,0.605903340901719,315,3421,TRUE,TRUE,TRUE,TRUE,"kept",""
"BNDPCT","ASDB",6166,545,0.0883879338306844,203,256,FALSE,TRUE,TRUE,FALSE,"dropped","low_obs;"
"BRADHOS","ASDB",6166,3736,0.605903340901719,1769,1967,TRUE,TRUE,TRUE,TRUE,"kept",""
"BRNSYS","ASDB",6166,3736,0.605903340901719,328,3408,TRUE,TRUE,TRUE,TRUE,"kept",""
"BROOMSYS","ASDB",6166,3736,0.605903340901719,784,2952,TRUE,TRUE,TRUE,TRUE,"kept",""
"BWHTSYS","ASDB",6166,3736,0.605903340901719,962,2774,TRUE,TRUE,TRUE,TRUE,"kept",""
"CAOSSYS","ASDB",6166,3736,0.605903340901719,740,2996,TRUE,TRUE,TRUE,TRUE,"kept",""
"CBSACODE","ASDB",6166,6166,1,0,0,TRUE,FALSE,FALSE,FALSE,"dropped","low_pos;low_zero;"
"CBSANAME","ASDB",6166,5070,0.822251054168018,0,0,TRUE,FALSE,FALSE,FALSE,"dropped","low_pos;low_zero;"
"CBSATYPE","ASDB",6166,6166,1,0,0,TRUE,FALSE,FALSE,FALSE,"dropped","low_pos;low_zero;"
"CHABSYS","ASDB",6166,3736,0.605903340901719,796,2940,TRUE,TRUE,TRUE,TRUE,"kept",""
"CHAPSYS","ASDB",6166,3736,0.605903340901719,703,3033,TRUE,TRUE,TRUE,TRUE,"kept",""
"CHCARSYS","ASDB",6166,3736,0.605903340901719,799,2937,TRUE,TRUE,TRUE,TRUE,"kept",""
"CHISYS","ASDB",6166,3736,0.605903340901719,313,3423,TRUE,TRUE,TRUE,TRUE,"kept",""
"CHTHSYS","ASDB",6166,3736,0.605903340901719,830,2906,TRUE,TRUE,TRUE,TRUE,"kept",""
"CICBD","ASDB",6166,3736,0.605903340901719,2,3019,TRUE,FALSE,TRUE,FALSE,"dropped","low_pos;"
"CICHOS","ASDB",6166,3736,0.605903340901719,897,2839,TRUE,TRUE,TRUE,TRUE,"kept",""
"CLSCIC","ASDB",6166,134,0.0217320791436912,134,0,FALSE,TRUE,FALSE,FALSE,"dropped","low_obs;low_zero;"
"CMNGTSYS","ASDB",6166,3736,0.605903340901719,617,3119,TRUE,TRUE,TRUE,TRUE,"kept",""
"COFVSYS","ASDB",6166,3736,0.605903340901719,969,2767,TRUE,TRUE,TRUE,TRUE,"kept",""
"COMPSYS","ASDB",6166,3736,0.605903340901719,702,3034,TRUE,TRUE,TRUE,TRUE,"kept",""
"COTYPED","ASDB",6166,235,0.0381122283490107,40,195,FALSE,TRUE,TRUE,FALSE,"dropped","low_obs;"
"COUTRSYS","ASDB",6166,3736,0.605903340901719,761,2975,TRUE,TRUE,TRUE,TRUE,"kept",""
"CPHOSYS","ASDB",6166,3736,0.605903340901719,98,3638,TRUE,TRUE,TRUE,TRUE,"kept",""
"CPPCT","ASDB",6166,2850,0.462212131041194,89,2496,TRUE,TRUE,TRUE,TRUE,"kept",""
"CPREVSYS","ASDB",6166,3736,0.605903340901719,819,2917,TRUE,TRUE,TRUE,TRUE,"kept",""
"CTFTE","ASDB",6166,2748,0.445669802140772,210,995,TRUE,TRUE,TRUE,TRUE,"kept",""
"CTSCNHOS","ASDB",6166,3736,0.605903340901719,3124,612,TRUE,TRUE,TRUE,TRUE,"kept",""
"CWELLSYS","ASDB",6166,3736,0.605903340901719,784,2952,TRUE,TRUE,TRUE,TRUE,"kept",""
"DCTOT","ASDB",6166,6166,1,3,1,TRUE,FALSE,FALSE,FALSE,"dropped","low_pos;low_zero;"
"DCTOTH","ASDB",6166,323,0.0523840415180019,0,1,FALSE,FALSE,FALSE,FALSE,"dropped","low_obs;low_pos;low_zero;"
"DENTSSYS","ASDB",6166,3736,0.605903340901719,631,3105,TRUE,TRUE,TRUE,TRUE,"kept",""
"DPPSYS","ASDB",6166,3736,0.605903340901719,903,2833,TRUE,TRUE,TRUE,TRUE,"kept",""
"DRADFHOS","ASDB",6166,3736,0.605903340901719,2161,1575,TRUE,TRUE,TRUE,TRUE,"kept",""
"EBCTHOS","ASDB",6166,3736,0.605903340901719,298,3438,TRUE,TRUE,TRUE,TRUE,"kept",""
"EDMCHG","ASDB",6166,3015,0.488971780733052,243,2772,TRUE,TRUE,TRUE,TRUE,"kept",""
"EFTLAB","ASDB",6166,6166,1,2909,3257,TRUE,TRUE,TRUE,TRUE,"kept",""
"EFTRAD","ASDB",6166,6166,1,2909,3257,TRUE,TRUE,TRUE,TRUE,"kept",""
"EICUHOS","ASDB",6166,3736,0.605903340901719,536,3200,TRUE,TRUE,TRUE,TRUE,"kept",""
"EMDEPHOS","ASDB",6166,3736,0.605903340901719,3066,670,TRUE,TRUE,TRUE,TRUE,"kept",""
"EMSSSYS","ASDB",6166,3736,0.605903340901719,637,3099,TRUE,TRUE,TRUE,TRUE,"kept",""
"ENBSYS","ASDB",6166,3736,0.605903340901719,710,3026,TRUE,TRUE,TRUE,TRUE,"kept",""
"ENDOAHOS","ASDB",6166,3736,0.605903340901719,1097,2639,TRUE,TRUE,TRUE,TRUE,"kept",""
"ENDOCHOS","ASDB",6166,3736,0.605903340901719,2509,1227,TRUE,TRUE,TRUE,TRUE,"kept",""
"ENDOEHOS","ASDB",6166,3736,0.605903340901719,1068,2668,TRUE,TRUE,TRUE,TRUE,"kept",""
"ENDORHOS","ASDB",6166,3736,0.605903340901719,1581,2155,TRUE,TRUE,TRUE,TRUE,"kept",""
"ENDOUHOS","ASDB",6166,3736,0.605903340901719,1461,2275,TRUE,TRUE,TRUE,TRUE,"kept",""
"ENRSYS","ASDB",6166,3736,0.605903340901719,726,3010,TRUE,TRUE,TRUE,TRUE,"kept",""
"EPTLAB","ASDB",6166,6166,1,2907,3259,TRUE,TRUE,TRUE,TRUE,"kept",""
"EPTRAD","ASDB",6166,6166,1,2907,3259,TRUE,TRUE,TRUE,TRUE,"kept",""
"EQMODSYS","ASDB",6166,3736,0.605903340901719,24,3712,TRUE,TRUE,TRUE,TRUE,"kept",""
"ESWLSYS","ASDB",6166,3736,0.605903340901719,711,3025,TRUE,TRUE,TRUE,TRUE,"kept",""
"FFDMSYS","ASDB",6166,3736,0.605903340901719,753,2983,TRUE,TRUE,TRUE,TRUE,"kept",""
"FITCSYS","ASDB",6166,3736,0.605903340901719,751,2985,TRUE,TRUE,TRUE,TRUE,"kept",""
"FOUNDSYS","ASDB",6166,3736,0.605903340901719,137,3599,TRUE,TRUE,TRUE,TRUE,"kept",""
"FRTCSYS","ASDB",6166,3736,0.605903340901719,567,3169,TRUE,TRUE,TRUE,TRUE,"kept",""
"FSERSYS","ASDB",6166,3736,0.605903340901719,459,3277,TRUE,TRUE,TRUE,TRUE,"kept",""
"FTECIC","ASDB",6166,1178,0.19104768083036,45,852,FALSE,TRUE,TRUE,FALSE,"dropped","low_obs;"
"FTECLAB","ASDB",6166,6166,1,254,1107,TRUE,TRUE,TRUE,TRUE,"kept",""
"FTECRAD","ASDB",6166,6166,1,151,1009,TRUE,TRUE,TRUE,TRUE,"kept",""
"FTED","ASDB",6166,3117,0.505514109633474,210,1376,TRUE,TRUE,TRUE,TRUE,"kept",""
"FTELAB","ASDB",6166,3117,0.505514109633474,113,594,TRUE,TRUE,TRUE,TRUE,"kept",""
"FTERAD","ASDB",6166,3117,0.505514109633474,60,491,TRUE,TRUE,TRUE,TRUE,"kept",""
"FTLAB","ASDB",6166,6166,1,355,1160,TRUE,TRUE,TRUE,TRUE,"kept",""
"FTRAD","ASDB",6166,6166,1,253,1069,TRUE,TRUE,TRUE,TRUE,"kept",""
"GENSYS","ASDB",6166,3736,0.605903340901719,694,3042,TRUE,TRUE,TRUE,TRUE,"kept",""
"GERSVSYS","ASDB",6166,3736,0.605903340901719,879,2857,TRUE,TRUE,TRUE,TRUE,"kept",""
"GNTCSYS","ASDB",6166,3736,0.605903340901719,891,2845,TRUE,TRUE,TRUE,TRUE,"kept",""
"GPWWSYS","ASDB",6166,3736,0.605903340901719,42,3694,TRUE,TRUE,TRUE,TRUE,"kept",""
"HARTSYS","ASDB",6166,3736,0.605903340901719,501,3235,TRUE,TRUE,TRUE,TRUE,"kept",""
"HEMOSYS","ASDB",6166,3736,0.605903340901719,680,3056,TRUE,TRUE,TRUE,TRUE,"kept",""
"HLINSYS","ASDB",6166,479,0.077684073953941,479,0,FALSE,TRUE,FALSE,FALSE,"dropped","low_obs;low_zero;"
"HLTHCSYS","ASDB",6166,3736,0.605903340901719,822,2914,TRUE,TRUE,TRUE,TRUE,"kept",""
"HLTHFSYS","ASDB",6166,3736,0.605903340901719,840,2896,TRUE,TRUE,TRUE,TRUE,"kept",""
"HLTHSSYS","ASDB",6166,3736,0.605903340901719,803,2933,TRUE,TRUE,TRUE,TRUE,"kept",""
"HLTRSYS","ASDB",6166,3736,0.605903340901719,905,2831,TRUE,TRUE,TRUE,TRUE,"kept",""
"HOMEHSYS","ASDB",6166,3736,0.605903340901719,1165,2571,TRUE,TRUE,TRUE,TRUE,"kept",""
"HOMEPSYS","ASDB",6166,3736,0.605903340901719,292,3444,TRUE,TRUE,TRUE,TRUE,"kept",""
"HOSPBD","ASDB",6166,6166,1,0,2,TRUE,FALSE,FALSE,FALSE,"dropped","low_pos;low_zero;"
"HOSPCSYS","ASDB",6166,3736,0.605903340901719,991,2745,TRUE,TRUE,TRUE,TRUE,"kept",""
"ICARSYS","ASDB",6166,3736,0.605903340901719,725,3011,TRUE,TRUE,TRUE,TRUE,"kept",""
"ICFSYS","ASDB",6166,3736,0.605903340901719,392,3344,TRUE,TRUE,TRUE,TRUE,"kept",""
"ICLABHOS","ASDB",6166,3736,0.605903340901719,1404,2332,TRUE,TRUE,TRUE,TRUE,"kept",""
"ICUCHG","ASDB",6166,3132,0.507946805060006,142,2990,TRUE,TRUE,TRUE,TRUE,"kept",""
"IGRTSYS","ASDB",6166,3736,0.605903340901719,838,2898,TRUE,TRUE,TRUE,TRUE,"kept",""
"IMPRSYS","ASDB",6166,3736,0.605903340901719,853,2883,TRUE,TRUE,TRUE,TRUE,"kept",""
"IMRIHOS","ASDB",6166,3736,0.605903340901719,236,3500,TRUE,TRUE,TRUE,TRUE,"kept",""
"IMRTSYS","ASDB",6166,3736,0.605903340901719,832,2904,TRUE,TRUE,TRUE,TRUE,"kept",""
"IPALSYS","ASDB",6166,3736,0.605903340901719,426,3310,TRUE,TRUE,TRUE,TRUE,"kept",""
"IPASYS","ASDB",6166,3736,0.605903340901719,206,3530,TRUE,TRUE,TRUE,TRUE,"kept",""
"ISMSYS","ASDB",6166,3736,0.605903340901719,714,3022,TRUE,TRUE,TRUE,TRUE,"kept",""
"JNTCTR","ASDB",6166,863,0.139961076873175,239,624,FALSE,TRUE,TRUE,FALSE,"dropped","low_obs;"
"KDNYSYS","ASDB",6166,3736,0.605903340901719,609,3127,TRUE,TRUE,TRUE,TRUE,"kept",""
"LABFTE","ASDB",6166,2613,0.423775543301979,264,1808,TRUE,TRUE,TRUE,TRUE,"kept",""
"LBEDLA","ASDB",6166,314,0.0509244242620824,0,0,FALSE,FALSE,FALSE,FALSE,"dropped","low_obs;low_pos;low_zero;"
"LBEDSA","ASDB",6166,3614,0.586117418099254,0,14,TRUE,FALSE,FALSE,FALSE,"dropped","low_pos;low_zero;"
"LGRPSYS","ASDB",6166,509,0.0825494648070062,509,0,FALSE,TRUE,FALSE,FALSE,"dropped","low_obs;low_zero;"
"LINGSYS","ASDB",6166,3736,0.605903340901719,599,3137,TRUE,TRUE,TRUE,TRUE,"kept",""
"LIVRSYS","ASDB",6166,3736,0.605903340901719,445,3291,TRUE,TRUE,TRUE,TRUE,"kept",""
"LOCTRCLI","ASDB",6166,2962,0.480376256892637,1045,1917,TRUE,TRUE,TRUE,TRUE,"kept",""
"LOCTRCNA","ASDB",6166,2962,0.480376256892637,1252,1710,TRUE,TRUE,TRUE,TRUE,"kept",""
"LOCTRNI","ASDB",6166,2962,0.480376256892637,566,2396,TRUE,TRUE,TRUE,TRUE,"kept",""
"LOCTRPSN","ASDB",6166,2962,0.480376256892637,1900,1062,TRUE,TRUE,TRUE,TRUE,"kept",""
"LUNGSYS","ASDB",6166,3736,0.605903340901719,306,3430,TRUE,TRUE,TRUE,TRUE,"kept",""
"MAMMSSYS","ASDB",6166,3736,0.605903340901719,743,2993,TRUE,TRUE,TRUE,TRUE,"kept",""
"MEALSSYS","ASDB",6166,3736,0.605903340901719,292,3444,TRUE,TRUE,TRUE,TRUE,"kept",""
"MEDADN","ASDB",6166,126,0.0204346415828738,126,0,FALSE,TRUE,FALSE,FALSE,"dropped","low_obs;low_zero;"
"MEDHME","ASDB",6166,3113,0.504865390853065,616,2497,TRUE,TRUE,TRUE,TRUE,"kept",""
"MEDHSE","ASDB",6166,3048,0.494323710671424,1238,1810,TRUE,TRUE,TRUE,TRUE,"kept",""
"MEDOPHOS","ASDB",6166,3736,0.605903340901719,730,3006,TRUE,TRUE,TRUE,TRUE,"kept",""
"MEDSUBHOS","ASDB",6166,3736,0.605903340901719,619,3117,TRUE,TRUE,TRUE,TRUE,"kept",""
"MEGSYS","ASDB",6166,3736,0.605903340901719,267,3469,TRUE,TRUE,TRUE,TRUE,"kept",""
"MMCSYS","ASDB",6166,392,0.0635744404800519,392,0,FALSE,TRUE,FALSE,FALSE,"dropped","low_obs;low_zero;"
"MOHSSYS","ASDB",6166,3736,0.605903340901719,776,2960,TRUE,TRUE,TRUE,TRUE,"kept",""
"MRIHOS","ASDB",6166,3736,0.605903340901719,2602,1134,TRUE,TRUE,TRUE,TRUE,"kept",""
"MSCTGHOS","ASDB",6166,3736,0.605903340901719,2393,1343,TRUE,TRUE,TRUE,TRUE,"kept",""
"MSCTHOS","ASDB",6166,3736,0.605903340901719,1751,1985,TRUE,TRUE,TRUE,TRUE,"kept",""
"MSICBD","ASDB",6166,3736,0.605903340901719,10,1563,TRUE,FALSE,TRUE,FALSE,"dropped","low_pos;"
"MSICHOS","ASDB",6166,3736,0.605903340901719,2253,1483,TRUE,TRUE,TRUE,TRUE,"kept",""
"MSOSYS","ASDB",6166,3736,0.605903340901719,100,3636,TRUE,TRUE,TRUE,TRUE,"kept",""
"NEROSYS","ASDB",6166,3736,0.605903340901719,801,2935,TRUE,TRUE,TRUE,TRUE,"kept",""
"NICSYS","ASDB",6166,3736,0.605903340901719,870,2866,TRUE,TRUE,TRUE,TRUE,"kept",""
"NINTSYS","ASDB",6166,3736,0.605903340901719,698,3038,TRUE,TRUE,TRUE,TRUE,"kept",""
"NUTRPSYS","ASDB",6166,3736,0.605903340901719,662,3074,TRUE,TRUE,TRUE,TRUE,"kept",""
"OBSYS","ASDB",6166,3736,0.605903340901719,857,2879,TRUE,TRUE,TRUE,TRUE,"kept",""
"OCCHSSYS","ASDB",6166,3736,0.605903340901719,829,2907,TRUE,TRUE,TRUE,TRUE,"kept",""
"ONCOLSYS","ASDB",6166,3736,0.605903340901719,851,2885,TRUE,TRUE,TRUE,TRUE,"kept",""
"OPCENSYS","ASDB",6166,3736,0.605903340901719,887,2849,TRUE,TRUE,TRUE,TRUE,"kept",""
"OPHOSSYS","ASDB",6166,3736,0.605903340901719,666,3070,TRUE,TRUE,TRUE,TRUE,"kept",""
"OPHOSYS","ASDB",6166,3736,0.605903340901719,224,3512,TRUE,TRUE,TRUE,TRUE,"kept",""
"OPSRGSYS","ASDB",6166,3736,0.605903340901719,635,3101,TRUE,TRUE,TRUE,TRUE,"kept",""
"ORPMSYS","ASDB",6166,3736,0.605903340901719,701,3035,TRUE,TRUE,TRUE,TRUE,"kept",""
"ORTOSYS","ASDB",6166,3736,0.605903340901719,718,3018,TRUE,TRUE,TRUE,TRUE,"kept",""
"OSMGSYS","ASDB",6166,284,0.0460590334090172,284,0,FALSE,TRUE,FALSE,FALSE,"dropped","low_obs;low_zero;"
"OTBONSYS","ASDB",6166,3736,0.605903340901719,545,3191,TRUE,TRUE,TRUE,TRUE,"kept",""
"OTHCRSYS","ASDB",6166,3736,0.605903340901719,248,3488,TRUE,TRUE,TRUE,TRUE,"kept",""
"OTHIC","ASDB",6166,290,0.0470321115796302,0,0,FALSE,FALSE,FALSE,FALSE,"dropped","low_obs;low_pos;low_zero;"
"OTHICBD","ASDB",6166,3736,0.605903340901719,1,3375,TRUE,FALSE,TRUE,FALSE,"dropped","low_pos;"
"OTHIMSYS","ASDB",6166,358,0.058060330846578,358,0,FALSE,TRUE,FALSE,FALSE,"dropped","low_obs;low_zero;"
"OTHISYS","ASDB",6166,3736,0.605903340901719,566,3170,TRUE,TRUE,TRUE,TRUE,"kept",""
"OTHLTSYS","ASDB",6166,3736,0.605903340901719,237,3499,TRUE,TRUE,TRUE,TRUE,"kept",""
"OTHTSYS","ASDB",6166,3736,0.605903340901719,746,2990,TRUE,TRUE,TRUE,TRUE,"kept",""
"OTOTHSYS","ASDB",6166,3736,0.605903340901719,488,3248,TRUE,TRUE,TRUE,TRUE,"kept",""
"PAINSYS","ASDB",6166,3736,0.605903340901719,817,2919,TRUE,TRUE,TRUE,TRUE,"kept",""
"PALSYS","ASDB",6166,3736,0.605903340901719,829,2907,TRUE,TRUE,TRUE,TRUE,"kept",""
"PATEDHOS","ASDB",6166,3736,0.605903340901719,2015,1721,TRUE,TRUE,TRUE,TRUE,"kept",""
"PATRPSYS","ASDB",6166,3736,0.605903340901719,646,3090,TRUE,TRUE,TRUE,TRUE,"kept",""
"PCARDSYS","ASDB",6166,3736,0.605903340901719,652,3084,TRUE,TRUE,TRUE,TRUE,"kept",""
"PCASYS","ASDB",6166,3736,0.605903340901719,632,3104,TRUE,TRUE,TRUE,TRUE,"kept",""
"PCDEPSYS","ASDB",6166,3736,0.605903340901719,954,2782,TRUE,TRUE,TRUE,TRUE,"kept",""
"PCLABHOS","ASDB",6166,3736,0.605903340901719,154,3582,TRUE,TRUE,TRUE,TRUE,"kept",""
"PDISSYS","ASDB",6166,3736,0.605903340901719,739,2997,TRUE,TRUE,TRUE,TRUE,"kept",""
"PEDBD","ASDB",6166,3736,0.605903340901719,51,2817,TRUE,TRUE,TRUE,TRUE,"kept",""
"PEDCSHOS","ASDB",6166,3736,0.605903340901719,134,3602,TRUE,TRUE,TRUE,TRUE,"kept",""
"PEDEHOS","ASDB",6166,3736,0.605903340901719,159,3577,TRUE,TRUE,TRUE,TRUE,"kept",""
"PEDHOS","ASDB",6166,3736,0.605903340901719,1304,2432,TRUE,TRUE,TRUE,TRUE,"kept",""
"PEDICBD","ASDB",6166,3736,0.605903340901719,5,3445,TRUE,FALSE,TRUE,FALSE,"dropped","low_pos;"
"PEDICHOS","ASDB",6166,3736,0.605903340901719,338,3398,TRUE,TRUE,TRUE,TRUE,"kept",""
"PELABHOS","ASDB",6166,3736,0.605903340901719,140,3596,TRUE,TRUE,TRUE,TRUE,"kept",""
"PEMERSYS","ASDB",6166,3736,0.605903340901719,592,3144,TRUE,TRUE,TRUE,TRUE,"kept",""
"PETCTHOS","ASDB",6166,3736,0.605903340901719,904,2832,TRUE,TRUE,TRUE,TRUE,"kept",""
"PETSYS","ASDB",6166,3736,0.605903340901719,760,2976,TRUE,TRUE,TRUE,TRUE,"kept",""
"PHYSYS","ASDB",6166,378,0.0613039247486215,378,0,FALSE,TRUE,FALSE,FALSE,"dropped","low_obs;low_zero;"
"PPNSYS","ASDB",6166,3736,0.605903340901719,645,3091,TRUE,TRUE,TRUE,TRUE,"kept",""
"PPOSTSYS","ASDB",6166,3736,0.605903340901719,791,2945,TRUE,TRUE,TRUE,TRUE,"kept",""
"PSCISSYS","ASDB",6166,3736,0.605903340901719,234,3502,TRUE,TRUE,TRUE,TRUE,"kept",""
"PSPISYS","ASDB",6166,3736,0.605903340901719,758,2978,TRUE,TRUE,TRUE,TRUE,"kept",""
"PSSOCSYS","ASDB",6166,3736,0.605903340901719,636,3100,TRUE,TRUE,TRUE,TRUE,"kept",""
"PSYCASYS","ASDB",6166,3736,0.605903340901719,684,3052,TRUE,TRUE,TRUE,TRUE,"kept",""
"PSYEDHOS","ASDB",6166,3736,0.605903340901719,946,2790,TRUE,TRUE,TRUE,TRUE,"kept",""
"PSYEMSYS","ASDB",6166,3736,0.605903340901719,823,2913,TRUE,TRUE,TRUE,TRUE,"kept",""
"PSYGRSYS","ASDB",6166,3736,0.605903340901719,807,2929,TRUE,TRUE,TRUE,TRUE,"kept",""
"PSYLSSYS","ASDB",6166,3736,0.605903340901719,828,2908,TRUE,TRUE,TRUE,TRUE,"kept",""
"PSYOISYS","ASDB",6166,3736,0.605903340901719,707,3029,TRUE,TRUE,TRUE,TRUE,"kept",""
"PSYOPSYS","ASDB",6166,3736,0.605903340901719,934,2802,TRUE,TRUE,TRUE,TRUE,"kept",""
"PSYPHASYS","ASDB",6166,3736,0.605903340901719,583,3153,TRUE,TRUE,TRUE,TRUE,"kept",""
"PSYPHCSYS","ASDB",6166,3736,0.605903340901719,405,3331,TRUE,TRUE,TRUE,TRUE,"kept",""
"PSYSYS","ASDB",6166,3736,0.605903340901719,874,2862,TRUE,TRUE,TRUE,TRUE,"kept",""
"PSYTRASYS","ASDB",6166,3736,0.605903340901719,322,3414,TRUE,TRUE,TRUE,TRUE,"kept",""
"PSYTRPSYS","ASDB",6166,3736,0.605903340901719,215,3521,TRUE,TRUE,TRUE,TRUE,"kept",""
"PTLAB","ASDB",6166,6166,1,763,1747,TRUE,TRUE,TRUE,TRUE,"kept",""
"PTONSYS","ASDB",6166,3736,0.605903340901719,311,3425,TRUE,TRUE,TRUE,TRUE,"kept",""
"PTRAD","ASDB",6166,6166,1,493,1429,TRUE,TRUE,TRUE,TRUE,"kept",""
"RADFTE","ASDB",6166,2659,0.431235809276679,285,1584,TRUE,TRUE,TRUE,TRUE,"kept",""
"RADMCHI","ASDB",6166,3736,0.605903340901719,77,3659,TRUE,TRUE,TRUE,TRUE,"kept",""
"RASTSYS","ASDB",6166,3736,0.605903340901719,665,3071,TRUE,TRUE,TRUE,TRUE,"kept",""
"RBOTSYS","ASDB",6166,3736,0.605903340901719,420,3316,TRUE,TRUE,TRUE,TRUE,"kept",""
"REDSHOS","ASDB",6166,3736,0.605903340901719,1078,2658,TRUE,TRUE,TRUE,TRUE,"kept",""
"REHABSYS","ASDB",6166,3736,0.605903340901719,906,2830,TRUE,TRUE,TRUE,TRUE,"kept",""
"RETIRSYS","ASDB",6166,3736,0.605903340901719,227,3509,TRUE,TRUE,TRUE,TRUE,"kept",""
"RHBOPSYS","ASDB",6166,3736,0.605903340901719,765,2971,TRUE,TRUE,TRUE,TRUE,"kept",""
"ROBOSYS","ASDB",6166,3736,0.605903340901719,779,2957,TRUE,TRUE,TRUE,TRUE,"kept",""
"RPRSSYS","ASDB",6166,3736,0.605903340901719,625,3111,TRUE,TRUE,TRUE,TRUE,"kept",""
"RSIMSYS","ASDB",6166,3736,0.605903340901719,754,2982,TRUE,TRUE,TRUE,TRUE,"kept",""
"RURLSYS","ASDB",6166,3736,0.605903340901719,473,3263,TRUE,TRUE,TRUE,TRUE,"kept",""
"SCEDL","ASDB",6166,2836,0.459941615309763,1525,1311,TRUE,TRUE,TRUE,TRUE,"kept",""
"SCNED","ASDB",6166,3131,0.507784625364904,1766,260,TRUE,TRUE,TRUE,TRUE,"kept",""
"SCTRN","ASDB",6166,2836,0.459941615309763,2514,322,TRUE,TRUE,TRUE,TRUE,"kept",""
"SLEPSYS","ASDB",6166,3736,0.605903340901719,870,2866,TRUE,TRUE,TRUE,TRUE,"kept",""
"SMGRPSYS","ASDB",6166,475,0.0770353551735323,475,0,FALSE,TRUE,FALSE,FALSE,"dropped","low_obs;low_zero;"
"SNSYS","ASDB",6166,3736,0.605903340901719,602,3134,TRUE,TRUE,TRUE,TRUE,"kept",""
"SOCED","ASDB",6166,2907,0.471456373662018,1560,1347,TRUE,TRUE,TRUE,TRUE,"kept",""
"SOCNED","ASDB",6166,2907,0.471456373662018,1676,1231,TRUE,TRUE,TRUE,TRUE,"kept",""
"SOCTRN","ASDB",6166,2907,0.471456373662018,2415,492,TRUE,TRUE,TRUE,TRUE,"kept",""
"SOCWKSYS","ASDB",6166,3736,0.605903340901719,626,3110,TRUE,TRUE,TRUE,TRUE,"kept",""
"SPCICBD","ASDB",6166,3736,0.605903340901719,1,3140,TRUE,FALSE,TRUE,FALSE,"dropped","low_pos;"
"SPCICHOS","ASDB",6166,3736,0.605903340901719,771,2965,TRUE,TRUE,TRUE,TRUE,"kept",""
"SPECTHOS","ASDB",6166,3736,0.605903340901719,1440,2296,TRUE,TRUE,TRUE,TRUE,"kept",""
"SPHSSYS","ASDB",6166,3736,0.605903340901719,253,3483,TRUE,TRUE,TRUE,TRUE,"kept",""
"SPORTSYS","ASDB",6166,3736,0.605903340901719,906,2830,TRUE,TRUE,TRUE,TRUE,"kept",""
"SRADHOS","ASDB",6166,3736,0.605903340901719,852,2884,TRUE,TRUE,TRUE,TRUE,"kept",""
"STRCSYS","ASDB",6166,3736,0.605903340901719,753,2983,TRUE,TRUE,TRUE,TRUE,"kept",""
"SUPPGSYS","ASDB",6166,3736,0.605903340901719,807,2929,TRUE,TRUE,TRUE,TRUE,"kept",""
"SWBDSYS","ASDB",6166,3736,0.605903340901719,422,3314,TRUE,TRUE,TRUE,TRUE,"kept",""
"SYSADDR","ASDB",6166,4174,0.676938047356471,0,0,TRUE,FALSE,FALSE,FALSE,"dropped","low_pos;low_zero;"
"SYSAREA","ASDB",6166,4174,0.676938047356471,0,0,TRUE,FALSE,FALSE,FALSE,"dropped","low_pos;low_zero;"
"SYSCITY","ASDB",6166,4174,0.676938047356471,0,0,TRUE,FALSE,FALSE,FALSE,"dropped","low_pos;low_zero;"
"SYSID","ASDB",6166,4174,0.676938047356471,0,0,TRUE,FALSE,FALSE,FALSE,"dropped","low_pos;low_zero;"
"SYSNAME","ASDB",6166,4174,0.676938047356471,0,0,TRUE,FALSE,FALSE,FALSE,"dropped","low_pos;low_zero;"
"SYSST","ASDB",6166,4174,0.676938047356471,0,0,TRUE,FALSE,FALSE,FALSE,"dropped","low_pos;low_zero;"
"SYSTELN","ASDB",6166,4174,0.676938047356471,0,0,TRUE,FALSE,FALSE,FALSE,"dropped","low_pos;low_zero;"
"SYSTEM_PRIMARY_CONTACT","ASDB",6166,4165,0.675478430100551,0,0,TRUE,FALSE,FALSE,FALSE,"dropped","low_pos;low_zero;"
"SYSTITLE","ASDB",6166,4165,0.675478430100551,0,0,TRUE,FALSE,FALSE,FALSE,"dropped","low_pos;low_zero;"
"SYSZIP","ASDB",6166,4174,0.676938047356471,0,0,TRUE,FALSE,FALSE,FALSE,"dropped","low_pos;low_zero;"
"TCTOT","ASDB",6166,2852,0.462536490431398,169,1486,TRUE,TRUE,TRUE,TRUE,"kept",""
"TEENSSYS","ASDB",6166,3736,0.605903340901719,650,3086,TRUE,TRUE,TRUE,TRUE,"kept",""
"TISUSYS","ASDB",6166,3736,0.605903340901719,600,3136,TRUE,TRUE,TRUE,TRUE,"kept",""
"TOBSYS","ASDB",6166,3736,0.605903340901719,797,2939,TRUE,TRUE,TRUE,TRUE,"kept",""
"TPORTSYS","ASDB",6166,3736,0.605903340901719,570,3166,TRUE,TRUE,TRUE,TRUE,"kept",""
"TRAUMSYS","ASDB",6166,3736,0.605903340901719,701,3035,TRUE,TRUE,TRUE,TRUE,"kept",""
"ULTSNHOS","ASDB",6166,3736,0.605903340901719,3053,683,TRUE,TRUE,TRUE,TRUE,"kept",""
"URGCCSYS","ASDB",6166,3736,0.605903340901719,1100,2636,TRUE,TRUE,TRUE,TRUE,"kept",""
"VCMMSYS","ASDB",6166,3736,0.605903340901719,632,3104,TRUE,TRUE,TRUE,TRUE,"kept",""
"VLAB","ASDB",6166,2654,0.430424910801168,346,1356,TRUE,TRUE,TRUE,TRUE,"kept",""
"VOLSVSYS","ASDB",6166,3736,0.605903340901719,641,3095,TRUE,TRUE,TRUE,TRUE,"kept",""
"VRAD","ASDB",6166,2654,0.430424910801168,290,1154,TRUE,TRUE,TRUE,TRUE,"kept",""
"VRCSSYS","ASDB",6166,3736,0.605903340901719,629,3107,TRUE,TRUE,TRUE,TRUE,"kept",""
"VWRKSYS","ASDB",6166,3736,0.605903340901719,643,3093,TRUE,TRUE,TRUE,TRUE,"kept",""
"WMGTSYS","ASDB",6166,3736,0.605903340901719,734,3002,TRUE,TRUE,TRUE,TRUE,"kept",""
"WOMHCSYS","ASDB",6166,3736,0.605903340901719,846,2890,TRUE,TRUE,TRUE,TRUE,"kept",""
"ADCOST","IT",6166,2700,0.437885176775868,629,0,TRUE,TRUE,FALSE,FALSE,"dropped","low_zero;"
"AIBILL","IT",6166,1952,0.316574764839442,673,1279,TRUE,TRUE,TRUE,TRUE,"kept",""
"AICLOTH","IT",6166,1952,0.316574764839442,580,1372,TRUE,TRUE,TRUE,TRUE,"kept",""
"AICLOTH_DESC","IT",6166,3110,0.504378851767759,0,0,TRUE,FALSE,FALSE,FALSE,"dropped","low_pos;low_zero;"
"AIDNK","IT",6166,1952,0.316574764839442,2,1950,TRUE,FALSE,TRUE,FALSE,"dropped","low_pos;"
"AIMHEA","IT",6166,1952,0.316574764839442,649,1303,TRUE,TRUE,TRUE,TRUE,"kept",""
"AINOTA","IT",6166,1952,0.316574764839442,13,1939,TRUE,FALSE,TRUE,FALSE,"dropped","low_pos;"
"AIPOTH","IT",6166,1952,0.316574764839442,465,1487,TRUE,TRUE,TRUE,TRUE,"kept",""
"AIPOTH_DESC","IT",6166,3110,0.504378851767759,0,0,TRUE,FALSE,FALSE,FALSE,"dropped","low_pos;low_zero;"
"AIPRED","IT",6166,2913,0.472429451832631,1092,0,TRUE,TRUE,FALSE,FALSE,"dropped","low_zero;"
"AIRECT","IT",6166,1952,0.316574764839442,830,1122,TRUE,TRUE,TRUE,TRUE,"kept",""
"AIRFOL","IT",6166,1952,0.316574764839442,1611,341,TRUE,TRUE,TRUE,TRUE,"kept",""
"AISCHE","IT",6166,1952,0.316574764839442,903,1049,TRUE,TRUE,TRUE,TRUE,"kept",""
"AITRAJ","IT",6166,1952,0.316574764839442,1815,137,TRUE,TRUE,TRUE,TRUE,"kept",""
"AMICDK","IT",6166,2813,0.456211482322413,720,2093,TRUE,TRUE,TRUE,TRUE,"kept",""
"AMICEHR","IT",6166,2813,0.456211482322413,724,2089,TRUE,TRUE,TRUE,TRUE,"kept",""
"AMICFF","IT",6166,2813,0.456211482322413,360,2453,TRUE,TRUE,TRUE,TRUE,"kept",""
"AMICHIE","IT",6166,2813,0.456211482322413,183,2630,TRUE,TRUE,TRUE,TRUE,"kept",""
"AMICNES","IT",6166,2813,0.456211482322413,491,2322,TRUE,TRUE,TRUE,TRUE,"kept",""
"AMICPS","IT",6166,2813,0.456211482322413,630,2183,TRUE,TRUE,TRUE,TRUE,"kept",""
"ATEFCA","IT",6166,2989,0.484755108660396,2290,699,TRUE,TRUE,TRUE,TRUE,"kept",""
"CDRDK","IT",6166,2861,0.463996107687318,485,2376,TRUE,TRUE,TRUE,TRUE,"kept",""
"CDREHR","IT",6166,2861,0.463996107687318,1214,1647,TRUE,TRUE,TRUE,TRUE,"kept",""
"CDRFF","IT",6166,2861,0.463996107687318,473,2388,TRUE,TRUE,TRUE,TRUE,"kept",""
"CDRHIE","IT",6166,2861,0.463996107687318,282,2579,TRUE,TRUE,TRUE,TRUE,"kept",""
"CDRNES","IT",6166,2861,0.463996107687318,450,2411,TRUE,TRUE,TRUE,TRUE,"kept",""
"CDRPS","IT",6166,2861,0.463996107687318,593,2268,TRUE,TRUE,TRUE,TRUE,"kept",""
"CIAOUT","IT",6166,2986,0.484268569575089,2237,0,TRUE,TRUE,FALSE,FALSE,"dropped","low_zero;"
"CNTRTCST","IT",6166,2643,0.428640934155044,394,0,TRUE,TRUE,FALSE,FALSE,"dropped","low_zero;"
"COMPCDR","IT",6166,1144,0.185533571196886,534,610,FALSE,TRUE,TRUE,FALSE,"dropped","low_obs;"
"COSTCDR","IT",6166,768,0.124554005838469,486,282,FALSE,TRUE,TRUE,FALSE,"dropped","low_obs;"
"COSTECR","IT",6166,768,0.124554005838469,494,274,FALSE,TRUE,TRUE,FALSE,"dropped","low_obs;"
"COSTERL","IT",6166,768,0.124554005838469,375,393,FALSE,TRUE,TRUE,FALSE,"dropped","low_obs;"
"COSTIRR","IT",6166,768,0.124554005838469,381,387,FALSE,TRUE,TRUE,FALSE,"dropped","low_obs;"
"COSTPHR","IT",6166,768,0.124554005838469,503,265,FALSE,TRUE,TRUE,FALSE,"dropped","low_obs;"
"COSTSSR","IT",6166,768,0.124554005838469,447,321,FALSE,TRUE,TRUE,FALSE,"dropped","low_obs;"
"CUSTINT","IT",6166,2675,0.433830684398313,727,0,TRUE,TRUE,FALSE,FALSE,"dropped","low_zero;"
"DNEXCDR","IT",6166,1058,0.171586117418099,622,436,FALSE,TRUE,TRUE,FALSE,"dropped","low_obs;"
"ECRHIE","IT",6166,2904,0.470969834576711,341,2563,TRUE,TRUE,TRUE,TRUE,"kept",""
"ECRNES","IT",6166,2904,0.470969834576711,518,2386,TRUE,TRUE,TRUE,TRUE,"kept",""
"EQUERY","IT",6166,2901,0.470483295491404,2185,716,TRUE,TRUE,TRUE,TRUE,"kept",""
"ERLHIE","IT",6166,2919,0.473402530003244,513,2406,TRUE,TRUE,TRUE,TRUE,"kept",""
"ERLNES","IT",6166,2919,0.473402530003244,116,2803,TRUE,TRUE,TRUE,TRUE,"kept",""
"HCUHIE","IT",6166,2852,0.462536490431398,114,2738,TRUE,TRUE,TRUE,TRUE,"kept",""
"HCUNES","IT",6166,2852,0.462536490431398,350,2502,TRUE,TRUE,TRUE,TRUE,"kept",""
"IIRHIE","IT",6166,2946,0.477781381771002,609,2337,TRUE,TRUE,TRUE,TRUE,"kept",""
"IIRNES","IT",6166,2946,0.477781381771002,75,2871,TRUE,TRUE,TRUE,TRUE,"kept",""
"MAILRCV","IT",6166,2976,0.482646772624067,1116,0,TRUE,TRUE,FALSE,FALSE,"dropped","low_zero;"
"MAILSND","IT",6166,3000,0.48653908530652,939,0,TRUE,TRUE,FALSE,FALSE,"dropped","low_zero;"
"MLACCU","IT",6166,1872,0.303600389231268,879,0,TRUE,TRUE,FALSE,FALSE,"dropped","low_zero;"
"MLBIAS","IT",6166,1916,0.310736295815764,654,0,TRUE,TRUE,FALSE,FALSE,"dropped","low_zero;"
"MLDEV","IT",6166,1949,0.316088225754136,1600,349,TRUE,TRUE,TRUE,TRUE,"kept",""
"MLDNK","IT",6166,1949,0.316088225754136,18,1931,TRUE,FALSE,TRUE,FALSE,"dropped","low_pos;"
"MLPUBD","IT",6166,1949,0.316088225754136,84,1865,TRUE,TRUE,TRUE,TRUE,"kept",""
"MLSED","IT",6166,1949,0.316088225754136,978,971,TRUE,TRUE,TRUE,TRUE,"kept",""
"MLTHD","IT",6166,1949,0.316088225754136,1051,898,TRUE,TRUE,TRUE,TRUE,"kept",""
"NOCAPRCDR","IT",6166,1596,0.258838793383068,656,940,TRUE,TRUE,TRUE,TRUE,"kept",""
"NOCAPSCDR","IT",6166,478,0.0775218942588388,295,183,FALSE,TRUE,TRUE,FALSE,"dropped","low_obs;"
"ONBPROCDR","IT",6166,925,0.15001621796951,324,601,FALSE,TRUE,TRUE,FALSE,"dropped","low_obs;"
"OSNBHIE","IT",6166,1772,0.287382419721051,1325,447,TRUE,TRUE,TRUE,TRUE,"kept",""
"PEFAPIDNK","IT",6166,3087,0.500648718780409,124,2963,TRUE,TRUE,TRUE,TRUE,"kept",""
"PEFAPIIS","IT",6166,3087,0.500648718780409,2443,644,TRUE,TRUE,TRUE,TRUE,"kept",""
"PEFAPINO","IT",6166,3087,0.500648718780409,476,2611,TRUE,TRUE,TRUE,TRUE,"kept",""
"PEFAPIOS","IT",6166,3087,0.500648718780409,2068,1019,TRUE,TRUE,TRUE,TRUE,"kept",""
"PEFAPIS","IT",6166,3066,0.497242945183263,1039,2027,TRUE,TRUE,TRUE,TRUE,"kept",""
"PHIOUT","IT",6166,2964,0.480700616282841,1293,0,TRUE,TRUE,FALSE,FALSE,"dropped","low_zero;"
"PHRHIE","IT",6166,2903,0.470807654881609,434,2469,TRUE,TRUE,TRUE,TRUE,"kept",""
"PHRNES","IT",6166,2903,0.470807654881609,346,2557,TRUE,TRUE,TRUE,TRUE,"kept",""
"PTEFCA","IT",6166,2239,0.363120337333766,660,0,TRUE,TRUE,FALSE,FALSE,"dropped","low_zero;"
"RELINFCDR","IT",6166,520,0.0843334414531301,305,215,FALSE,TRUE,TRUE,FALSE,"dropped","low_obs;"
"SCTOOL","IT",6166,2131,0.345604930262731,861,0,TRUE,TRUE,FALSE,FALSE,"dropped","low_zero;"
"SHIEC","IT",6166,2886,0.468050600064872,162,2724,TRUE,TRUE,TRUE,TRUE,"kept",""
"SHSRLHIE","IT",6166,2851,0.462374310736296,41,0,TRUE,TRUE,FALSE,FALSE,"dropped","low_zero;"
"SSRHIE","IT",6166,2944,0.477457022380798,546,2398,TRUE,TRUE,TRUE,TRUE,"kept",""
"SSRNES","IT",6166,2944,0.477457022380798,138,2806,TRUE,TRUE,TRUE,TRUE,"kept",""
"VOCABCDR","IT",6166,588,0.0953616607200778,221,367,FALSE,TRUE,TRUE,FALSE,"dropped","low_obs;"
